Year,Month,Median,2.5 Percentile,97.5 Percentile
1950.000000,   1.000000,  67.158855,  50.607270,  83.236098
1950.000000,   2.000000,  37.078037,  23.159169,  51.576843
1950.000000,   3.000000,  12.270701,  -3.440014,  27.509102
1950.000000,   4.000000,  12.650101,   2.263069,  22.082105
1950.000000,   5.000000,  -3.090669,  -9.890860,   3.518628
1950.000000,   6.000000,  -4.670540,  -7.021116,  -2.275313
1950.000000,   7.000000,  -4.734824,  -8.172305,  -1.302549
1950.000000,   8.000000,  -5.988864, -18.413885,   7.048177
1950.000000,   9.000000,   6.823488,  -8.415494,  22.376094
1950.000000,  10.000000,  25.261596,  10.214885,  41.943650
1950.000000,  11.000000,  83.346554,  68.592050,  99.002411
1950.000000,  12.000000,  92.032200,  76.564396, 107.635390
1951.000000,   1.000000,  47.594513,  34.366923,  62.920708
1951.000000,   2.000000,   4.603012,  -8.586341,  18.505700
1951.000000,   3.000000,  12.047742,  -2.172966,  27.097711
1951.000000,   4.000000,   4.324102,  -5.001390,  13.264050
1951.000000,   5.000000,   0.537835,  -5.940484,   7.164935
1951.000000,   6.000000,  -4.045810,  -6.426992,  -1.754878
1951.000000,   7.000000,  -3.439716,  -6.911891,  -0.198723
1951.000000,   8.000000,  -0.695738, -11.837075,  11.696265
1951.000000,   9.000000,  30.209900,  16.498517,  43.668623
1951.000000,  10.000000,  45.640130,  31.383314,  60.190689
1951.000000,  11.000000,  96.144621,  81.810053, 110.015120
1951.000000,  12.000000,  75.764694,  62.165058,  91.177098
1952.000000,   1.000000,  49.665785,  34.310484,  64.950763
1952.000000,   2.000000,  39.587895,  25.713209,  52.691153
1952.000000,   3.000000,  24.111159,   9.545029,  38.208054
1952.000000,   4.000000,  11.427675,   2.374104,  20.042391
1952.000000,   5.000000,   6.115374,  -0.672268,  12.823360
1952.000000,   6.000000,  -4.303200,  -6.659475,  -1.976867
1952.000000,   7.000000,  -4.503041,  -8.111036,  -0.881119
1952.000000,   8.000000,   5.856921,  -6.155157,  18.373586
1952.000000,   9.000000,  37.608864,  24.562323,  52.111993
1952.000000,  10.000000,  99.718977,  85.886973, 114.522586
1952.000000,  11.000000,  88.111521,  75.058803, 101.368735
1952.000000,  12.000000,  84.682580,  70.338559,  99.301346
1953.000000,   1.000000,  61.590972,  46.879771,  76.495053
1953.000000,   2.000000,  33.631658,  19.020665,  46.823647
1953.000000,   3.000000,  21.555533,   7.788496,  35.628598
1953.000000,   4.000000,  14.923756,   5.952981,  24.597704
1953.000000,   5.000000,  -0.272480,  -6.908585,   6.174325
1953.000000,   6.000000,  -4.348802,  -6.754171,  -2.028402
1953.000000,   7.000000,  -3.317032,  -6.704811,  -0.035811
1953.000000,   8.000000,   4.097688,  -7.804891,  16.684343
1953.000000,   9.000000,  60.354888,  47.368237,  73.144222
1953.000000,  10.000000,  48.379326,  33.896756,  62.579585
1953.000000,  11.000000,  92.846770,  79.286041, 107.023470
1953.000000,  12.000000,  99.798914,  86.026775, 113.574050
1954.000000,   1.000000,  78.847692,  63.773465,  93.155790
1954.000000,   2.000000,  34.862873,  20.300544,  48.497934
1954.000000,   3.000000,  49.468100,  35.502899,  63.258563
1954.000000,   4.000000,  14.537448,   4.767343,  23.203637
1954.000000,   5.000000,   1.338962,  -5.492132,   8.322394
1954.000000,   6.000000,  -4.310739,  -6.533775,  -2.100827
1954.000000,   7.000000,  -3.255389,  -6.769582,   0.130669
1954.000000,   8.000000,  24.646967,  12.697679,  35.681807
1954.000000,   9.000000,  46.328993,  32.251100,  59.851528
1954.000000,  10.000000,  68.975043,  55.132113,  83.339473
1954.000000,  11.000000,  74.533791,  60.868429,  88.392288
1954.000000,  12.000000, 103.787673,  90.052015, 116.962069
1955.000000,   1.000000,  93.300958,  78.400158, 107.597176
1955.000000,   2.000000,  51.602540,  37.482989,  65.226689
1955.000000,   3.000000,  44.355052,  29.957652,  58.241912
1955.000000,   4.000000,   4.261888,  -4.829096,  13.749848
1955.000000,   5.000000,   4.760707,  -1.904752,  11.360241
1955.000000,   6.000000,  -3.767949,  -6.173457,  -1.381314
1955.000000,   7.000000,  -2.725117,  -6.087071,   0.701009
1955.000000,   8.000000,  12.536500,   0.543219,  24.459310
1955.000000,   9.000000,  63.979726,  50.174220,  76.833724
1955.000000,  10.000000,  57.027702,  42.186089,  72.437225
1955.000000,  11.000000,  97.213541,  83.534855, 110.987707
1955.000000,  12.000000, 114.389135,  99.152767, 128.176031
1956.000000,   1.000000,  68.648888,  55.427630,  83.499488
1956.000000,   2.000000,  60.292550,  46.653317,  73.350831
1956.000000,   3.000000,  48.645795,  35.009657,  62.853800
1956.000000,   4.000000,  24.718836,  15.638005,  33.456604
1956.000000,   5.000000,  -0.031476,  -6.295454,   6.520910
1956.000000,   6.000000,  -4.003982,  -6.401997,  -1.590806
1956.000000,   7.000000,  -4.560227,  -7.889674,  -1.301740
1956.000000,   8.000000,  11.477742,  -0.145832,  23.714327
1956.000000,   9.000000,  49.949669,  36.463103,  63.549525
1956.000000,  10.000000,  49.485006,  35.996005,  63.512278
1956.000000,  11.000000, 107.754838,  93.904550, 122.319128
1956.000000,  12.000000, 100.088082,  86.360811, 113.646150
1957.000000,   1.000000,  97.303924,  83.099816, 112.500785
1957.000000,   2.000000,  31.930151,  19.696869,  45.871744
1957.000000,   3.000000,  16.466199,   2.322474,  29.805686
1957.000000,   4.000000,   9.673823,   0.213981,  18.662283
1957.000000,   5.000000,   7.159934,   0.292458,  14.052527
1957.000000,   6.000000,  -4.052859,  -6.489876,  -1.612279
1957.000000,   7.000000,  -2.929567,  -6.381276,   0.310250
1957.000000,   8.000000,  12.489245,   1.211295,  24.328606
1957.000000,   9.000000,  65.887743,  53.132092,  78.320742
1957.000000,  10.000000,  64.982136,  50.569808,  79.467942
1957.000000,  11.000000,  96.333281,  82.543918, 110.525930
1957.000000,  12.000000,  96.228450,  82.352594, 110.218533
1958.000000,   1.000000,  61.079101,  45.592942,  75.199610
1958.000000,   2.000000,  46.881075,  32.644053,  60.427131
1958.000000,   3.000000,  35.335243,  21.873597,  49.484976
1958.000000,   4.000000,  23.240092,  13.939795,  32.148435
1958.000000,   5.000000,   7.005413,   0.177830,  13.682303
1958.000000,   6.000000,  -3.945840,  -6.288905,  -1.567455
1958.000000,   7.000000,  -3.777448,  -7.150609,  -0.353654
1958.000000,   8.000000,  18.049700,   6.812530,  29.336045
1958.000000,   9.000000,  38.205783,  23.987797,  51.397778
1958.000000,  10.000000,  56.426810,  41.761932,  70.278072
1958.000000,  11.000000, 105.017032,  91.895557, 117.913619
1958.000000,  12.000000, 115.067865, 100.759288, 128.921672
1959.000000,   1.000000,  75.466646,  60.726402,  90.133604
1959.000000,   2.000000,  32.214913,  18.762695,  45.897421
1959.000000,   3.000000,  26.977921,  12.927306,  40.203130
1959.000000,   4.000000,  13.015684,   3.368634,  22.102123
1959.000000,   5.000000,  -1.176608,  -7.722677,   5.620828
1959.000000,   6.000000,  -4.454202,  -6.841197,  -2.125307
1959.000000,   7.000000,  -3.188065,  -6.804703,   0.091747
1959.000000,   8.000000,  -8.693216, -20.295239,   3.285879
1959.000000,   9.000000,  32.086741,  18.839288,  46.335986
1959.000000,  10.000000,  71.770760,  57.410688,  85.906391
1959.000000,  11.000000, 116.372004, 102.853622, 129.969243
1959.000000,  12.000000,  85.311701,  70.525832,  99.774521
1960.000000,   1.000000,  68.146581,  53.379611,  83.149143
1960.000000,   2.000000,  52.999366,  40.344776,  67.051141
1960.000000,   3.000000,  39.075653,  25.619198,  53.598825
1960.000000,   4.000000,   8.130951,  -1.211046,  17.791564
1960.000000,   5.000000,  -0.822185,  -7.027950,   5.865854
1960.000000,   6.000000,  -4.127187,  -6.482769,  -1.801471
1960.000000,   7.000000,  -4.268285,  -7.787250,  -0.782600
1960.000000,   8.000000,  10.459109,  -1.047554,  21.765010
1960.000000,   9.000000,  54.162168,  42.054526,  67.815052
1960.000000,  10.000000,  74.469536,  60.588392,  88.193787
1960.000000,  11.000000,  83.564446,  70.597850,  97.108733
1960.000000,  12.000000, 121.808747, 107.096319, 136.143711
1961.000000,   1.000000,  67.920242,  53.691228,  83.428243
1961.000000,   2.000000,  26.438845,  12.139847,  40.685931
1961.000000,   3.000000,  28.323610,  14.050904,  41.996387
1961.000000,   4.000000,  18.498721,   9.635335,  27.258888
1961.000000,   5.000000,   6.990231,   0.389970,  13.781285
1961.000000,   6.000000,  -3.816050,  -6.314528,  -1.418648
1961.000000,   7.000000,  -2.501143,  -5.884585,   1.029390
1961.000000,   8.000000,  22.744495,  11.457414,  34.709173
1961.000000,   9.000000,  64.083338,  50.828045,  77.957168
1961.000000,  10.000000,  55.890820,  42.090074,  69.778896
1961.000000,  11.000000, 100.456047,  86.977619, 113.533351
1961.000000,  12.000000,  99.489881,  85.264763, 114.204009
1962.000000,   1.000000, 102.816991,  88.306125, 117.043009
1962.000000,   2.000000,  31.974592,  17.587222,  45.646521
1962.000000,   3.000000,  31.250885,  17.110501,  44.593503
1962.000000,   4.000000,  22.156356,  13.322650,  30.943437
1962.000000,   5.000000,   3.174456,  -3.251499,   9.866356
1962.000000,   6.000000,  -3.762640,  -6.039458,  -1.394073
1962.000000,   7.000000,  -3.350602,  -6.752116,   0.124957
1962.000000,   8.000000,  14.197596,   2.789258,  25.412770
1962.000000,   9.000000,  49.522868,  36.149102,  62.500580
1962.000000,  10.000000,  67.119190,  52.488691,  81.280543
1962.000000,  11.000000,  90.144970,  77.115892, 103.604270
1962.000000,  12.000000, 111.254065,  97.473485, 124.547548
1963.000000,   1.000000,  64.247332,  50.411454,  77.962343
1963.000000,   2.000000,  38.873918,  24.493335,  52.163514
1963.000000,   3.000000,  14.874003,   1.012251,  29.710883
1963.000000,   4.000000,  13.353217,   3.597228,  22.543101
1963.000000,   5.000000,   3.654505,  -3.006115,  10.510075
1963.000000,   6.000000,  -4.722278,  -7.178798,  -2.240905
1963.000000,   7.000000,  -3.625828,  -7.014518,  -0.288670
1963.000000,   8.000000,   8.197152,  -3.442790,  19.901616
1963.000000,   9.000000,  37.964492,  24.243302,  50.741707
1963.000000,  10.000000,  29.856899,  16.696022,  43.825360
1963.000000,  11.000000,  88.605103,  75.400869, 102.665325
1963.000000,  12.000000, 129.165725, 114.445780, 143.909117
1964.000000,   1.000000,  80.832726,  66.685807,  94.781483
1964.000000,   2.000000,  56.278464,  42.767001,  69.625225
1964.000000,   3.000000,  57.255316,  43.803510,  71.942976
1964.000000,   4.000000,   9.347842,   0.403664,  18.763056
1964.000000,   5.000000,   0.471114,  -5.794538,   7.243547
1964.000000,   6.000000,  -3.629090,  -5.985161,  -1.230258
1964.000000,   7.000000,  -3.221899,  -6.435184,   0.403232
1964.000000,   8.000000,  20.257236,   9.219666,  31.453338
1964.000000,   9.000000,  43.689872,  29.356361,  56.267574
1964.000000,  10.000000,  68.464020,  54.862101,  82.725520
1964.000000,  11.000000,  77.776837,  64.645647,  90.900860
1964.000000,  12.000000, 103.940125,  90.145634, 117.680045
1965.000000,   1.000000, 103.801504,  89.820582, 118.522723
1965.000000,   2.000000,  49.634961,  36.247788,  63.801534
1965.000000,   3.000000,  26.079418,  12.314271,  40.706902
1965.000000,   4.000000,   8.783654,  -0.672924,  18.132396
1965.000000,   5.000000,   0.190815,  -6.198849,   6.798795
1965.000000,   6.000000,  -4.433840,  -6.809559,  -2.125056
1965.000000,   7.000000,  -4.174246,  -7.739572,  -0.663438
1965.000000,   8.000000,   6.244268,  -4.847802,  17.409740
1965.000000,   9.000000,  52.577725,  38.265547,  65.485875
1965.000000,  10.000000,  42.566482,  27.790600,  56.287838
1965.000000,  11.000000,  83.242747,  69.734371,  96.185420
1965.000000,  12.000000,  84.103433,  70.046626,  97.568652
1966.000000,   1.000000,  97.495657,  83.582800, 113.212488
1966.000000,   2.000000,  38.219677,  23.821567,  52.113578
1966.000000,   3.000000,  35.178918,  21.372468,  48.653454
1966.000000,   4.000000,  17.731145,   8.118088,  27.340386
1966.000000,   5.000000,   1.036815,  -6.201737,   7.718968
1966.000000,   6.000000,  -4.020238,  -6.347084,  -1.548331
1966.000000,   7.000000,  -3.425491,  -6.865760,  -0.015945
1966.000000,   8.000000,  18.117479,   6.615296,  30.093000
1966.000000,   9.000000,  58.735919,  44.599005,  72.649291
1966.000000,  10.000000,  68.839267,  54.899816,  82.323160
1966.000000,  11.000000,  94.944121,  82.740037, 108.242917
1966.000000,  12.000000, 104.075523,  88.370684, 118.263592
1967.000000,   1.000000,  87.307126,  72.037707, 101.799944
1967.000000,   2.000000,  44.638616,  31.783737,  59.316357
1967.000000,   3.000000,  24.130855,  10.977141,  38.976204
1967.000000,   4.000000,   7.231411,  -1.743558,  16.161138
1967.000000,   5.000000,   3.946119,  -2.706200,  10.501124
1967.000000,   6.000000,  -4.311318,  -6.789850,  -2.038364
1967.000000,   7.000000,  -3.348537,  -6.598381,   0.126883
1967.000000,   8.000000,  18.345961,   6.684862,  29.621495
1967.000000,   9.000000,  54.027341,  40.612709,  66.819208
1967.000000,  10.000000,  60.759108,  46.382109,  75.190610
1967.000000,  11.000000,  90.469195,  77.271850, 103.248788
1967.000000,  12.000000, 103.418513,  89.071318, 116.791866
1968.000000,   1.000000,  84.470793,  70.668837,  99.621015
1968.000000,   2.000000,  59.041062,  45.324713,  72.285217
1968.000000,   3.000000,  27.396528,  13.581064,  41.635440
1968.000000,   4.000000,  11.348927,   2.125459,  20.037253
1968.000000,   5.000000,   0.673184,  -6.143066,   7.271935
1968.000000,   6.000000,  -4.614892,  -7.009777,  -2.312037
1968.000000,   7.000000,  -4.844708,  -8.213393,  -1.473261
1968.000000,   8.000000, -11.933506, -23.812200,  -0.939797
1968.000000,   9.000000,   6.051165,  -7.566629,  19.962022
1968.000000,  10.000000,  50.734372,  36.164107,  65.648959
1968.000000,  11.000000, 100.100521,  87.004683, 113.344041
1968.000000,  12.000000, 107.822829,  94.358813, 123.000528
1969.000000,   1.000000,  82.449548,  67.577790,  97.575020
1969.000000,   2.000000,  42.378347,  28.885572,  55.701265
1969.000000,   3.000000,  36.378325,  22.521576,  49.011898
1969.000000,   4.000000,  12.167007,   3.192850,  21.651933
1969.000000,   5.000000,   3.746124,  -2.732312,  10.563779
1969.000000,   6.000000,  -3.733593,  -6.080195,  -1.386513
1969.000000,   7.000000,  -3.280872,  -6.745905,   0.170747
1969.000000,   8.000000,   9.678959,  -1.335633,  20.849466
1969.000000,   9.000000,  63.010486,  49.900656,  76.212197
1969.000000,  10.000000,  75.698460,  61.908679,  89.415547
1969.000000,  11.000000,  87.010342,  74.039530,  99.905950
1969.000000,  12.000000, 107.262431,  93.414620, 121.473445
1970.000000,   1.000000,  84.208158,  70.022090,  98.687637
1970.000000,   2.000000,  49.694582,  35.393901,  62.526371
1970.000000,   3.000000,  34.383471,  20.917927,  48.100863
1970.000000,   4.000000,   9.917342,   0.786468,  19.060644
1970.000000,   5.000000,  -0.776114,  -7.332789,   5.688121
1970.000000,   6.000000,  -4.493308,  -6.876011,  -2.097860
1970.000000,   7.000000,  -4.287857,  -7.848993,  -0.929925
1970.000000,   8.000000,  22.772955,  12.323161,  34.178974
1970.000000,   9.000000,  64.778899,  51.470717,  77.695720
1970.000000,  10.000000,  54.347275,  41.129485,  68.284089
1970.000000,  11.000000,  81.128267,  68.052448,  95.636082
1970.000000,  12.000000,  96.747036,  82.151847, 110.426271
1971.000000,   1.000000, 119.024095, 104.526760, 132.411217
1971.000000,   2.000000,  31.437151,  18.368124,  44.323894
1971.000000,   3.000000,  32.074601,  18.175836,  45.877038
1971.000000,   4.000000,  11.082703,   2.027919,  19.874995
1971.000000,   5.000000,   1.971022,  -5.044295,   8.935565
1971.000000,   6.000000,  -4.411233,  -6.793073,  -2.006010
1971.000000,   7.000000,  -2.985858,  -6.417374,   0.473946
1971.000000,   8.000000,  18.086568,   6.767742,  29.762659
1971.000000,   9.000000,  50.644796,  37.181605,  64.466664
1971.000000,  10.000000,  49.345935,  35.249009,  63.780831
1971.000000,  11.000000,  98.188207,  85.408201, 111.497765
1971.000000,  12.000000, 112.902992,  97.780672, 128.026824
1972.000000,   1.000000, 105.916251,  90.188289, 120.501505
1972.000000,   2.000000,  55.727230,  41.274120,  70.059428
1972.000000,   3.000000,  27.484206,  13.768363,  42.078791
1972.000000,   4.000000,   7.951775,  -1.364171,  17.378537
1972.000000,   5.000000,   0.379979,  -6.099492,   6.721333
1972.000000,   6.000000,  -3.971454,  -6.361207,  -1.481557
1972.000000,   7.000000,  -3.783977,  -7.215719,  -0.449519
1972.000000,   8.000000,  -1.187076, -12.485446,  10.112785
1972.000000,   9.000000,  39.341509,  26.405002,  52.786112
1972.000000,  10.000000,  67.296190,  53.393385,  81.704894
1972.000000,  11.000000,  66.908209,  53.237915,  79.933927
1972.000000,  12.000000, 107.007282,  93.214544, 121.807690
1973.000000,   1.000000,  81.872494,  67.803928,  96.557703
1973.000000,   2.000000,  49.591135,  36.456848,  64.135677
1973.000000,   3.000000,  10.052228,  -4.113944,  24.721006
1973.000000,   4.000000,  18.698567,   9.328138,  27.826642
1973.000000,   5.000000,  -0.054182,  -6.603150,   7.048858
1973.000000,   6.000000,  -3.987355,  -6.237272,  -1.751692
1973.000000,   7.000000,  -3.456456,  -6.817520,  -0.138687
1973.000000,   8.000000,   9.158001,  -2.357048,  21.085441
1973.000000,   9.000000,  60.843493,  48.765438,  74.504434
1973.000000,  10.000000,  47.369129,  32.714445,  62.007016
1973.000000,  11.000000, 103.935958,  90.942939, 117.301491
1973.000000,  12.000000, 106.162372,  92.015277, 119.997156
1974.000000,   1.000000,  80.119563,  65.179942,  94.063194
1974.000000,   2.000000,  55.146133,  41.909093,  70.152876
1974.000000,   3.000000,  51.175270,  36.554582,  65.470796
1974.000000,   4.000000,   7.104629,  -2.708599,  16.643694
1974.000000,   5.000000,   3.073999,  -3.383383,  10.080508
1974.000000,   6.000000,  -4.789132,  -7.070268,  -2.467925
1974.000000,   7.000000,  -4.599054,  -8.093637,  -1.229312
1974.000000,   8.000000,  10.002576,  -1.346547,  21.436937
1974.000000,   9.000000,  58.279989,  45.215201,  71.643360
1974.000000,  10.000000,  49.779781,  35.824420,  64.332135
1974.000000,  11.000000,  81.315487,  67.047092,  94.324803
1974.000000,  12.000000,  87.461017,  72.341398, 101.498848
1975.000000,   1.000000,  94.303570,  79.822254, 108.536270
1975.000000,   2.000000,  51.031886,  36.911416,  65.574490
1975.000000,   3.000000,  66.944232,  52.181149,  80.268547
1975.000000,   4.000000,  21.160901,  12.081240,  30.189466
1975.000000,   5.000000,   0.289809,  -6.336908,   7.035271
1975.000000,   6.000000,  -3.973126,  -6.575339,  -1.530940
1975.000000,   7.000000,  -3.131044,  -6.297241,   0.356001
1975.000000,   8.000000,  24.576380,  13.818549,  35.369184
1975.000000,   9.000000,  54.569708,  41.477864,  68.987905
1975.000000,  10.000000,  68.576170,  54.235490,  83.067908
1975.000000,  11.000000,  68.583589,  54.854604,  81.250376
1975.000000,  12.000000, 105.183912,  92.527438, 119.027342
1976.000000,   1.000000, 108.970368,  94.874690, 123.835758
1976.000000,   2.000000,  57.873237,  44.534136,  71.187892
1976.000000,   3.000000,  50.461379,  37.006750,  63.926529
1976.000000,   4.000000,  11.049428,   1.592661,  19.822169
1976.000000,   5.000000,   5.761858,  -1.340439,  12.033080
1976.000000,   6.000000,  -3.853687,  -6.281985,  -1.422999
1976.000000,   7.000000,  -2.563254,  -6.083138,   0.897757
1976.000000,   8.000000,  28.689956,  17.068388,  40.411936
1976.000000,   9.000000,  90.508633,  76.810887, 104.344169
1976.000000,  10.000000,  75.649584,  61.513407,  88.709243
1976.000000,  11.000000, 116.555597, 103.802788, 129.513262
1976.000000,  12.000000, 131.092796, 117.830207, 144.254770
1977.000000,   1.000000,  86.025170,  70.360913, 100.459006
1977.000000,   2.000000,  46.641685,  33.317521,  59.931314
1977.000000,   3.000000,  33.138012,  19.072465,  47.047136
1977.000000,   4.000000,  23.522552,  14.173276,  32.718737
1977.000000,   5.000000,   6.437698,  -0.048234,  13.359330
1977.000000,   6.000000,  -3.740473,  -5.986276,  -1.161516
1977.000000,   7.000000,  -4.065350,  -7.576364,  -0.628054
1977.000000,   8.000000,  17.801433,   6.345254,  29.452034
1977.000000,   9.000000,  16.761782,   3.696073,  31.099813
1977.000000,  10.000000,  59.028186,  45.644715,  73.040560
1977.000000,  11.000000,  86.286205,  73.907114,  99.950466
1977.000000,  12.000000, 105.835644,  90.972308, 120.102063
1978.000000,   1.000000, 107.438161,  92.956216, 121.701151
1978.000000,   2.000000,  53.451271,  39.472001,  66.872690
1978.000000,   3.000000,  41.085042,  27.584405,  56.436493
1978.000000,   4.000000,  22.298991,  12.612401,  30.998105
1978.000000,   5.000000,   2.514368,  -4.447266,   9.334504
1978.000000,   6.000000,  -4.197955,  -6.557867,  -1.813168
1978.000000,   7.000000,  -3.321983,  -6.695678,   0.139988
1978.000000,   8.000000,  -4.835876, -17.406444,   6.864773
1978.000000,   9.000000,  43.199339,  29.854027,  56.577740
1978.000000,  10.000000,  76.058678,  61.644763,  89.804088
1978.000000,  11.000000, 105.361456,  92.522976, 118.636642
1978.000000,  12.000000, 104.619459,  91.185104, 119.459595
1979.000000,   1.000000,  86.106812,  70.781095, 100.036527
1979.000000,   2.000000,  29.762462,  16.947809,  42.365503
1979.000000,   3.000000,  10.005065,  -3.721504,  23.537717
1979.000000,   4.000000,   2.426076,  -6.811783,  11.629026
1979.000000,   5.000000,  -3.528920, -10.324842,   3.060908
1979.000000,   6.000000,  -4.769050,  -7.092795,  -2.475895
1979.000000,   7.000000,  -3.890306,  -7.433119,  -0.394371
1979.000000,   8.000000,  22.481327,  11.300271,  34.477383
1979.000000,   9.000000,  41.213270,  28.069471,  55.360508
1979.000000,  10.000000,  66.313848,  51.914099,  80.669819
1979.000000,  11.000000,  80.957607,  67.584572,  94.351503
1979.000000,  12.000000, 110.076177,  96.032323, 124.212282
1980.000000,   1.000000,  89.033585,  74.419544, 103.652231
1980.000000,   2.000000,  50.616130,  36.607807,  64.775573
1980.000000,   3.000000,  49.687881,  35.744460,  63.583448
1980.000000,   4.000000,  13.483938,   4.376336,  22.676475
1980.000000,   5.000000,   2.672227,  -3.917460,   9.028868
1980.000000,   6.000000,  -3.779390,  -6.216997,  -1.330620
1980.000000,   7.000000,  -3.559760,  -7.210343,  -0.134961
1980.000000,   8.000000,   3.987595,  -7.788644,  15.328195
1980.000000,   9.000000,  58.589057,  46.003479,  72.001562
1980.000000,  10.000000,  77.604004,  62.965835,  92.423764
1980.000000,  11.000000, 102.138924,  88.542386, 116.071308
1980.000000,  12.000000, 131.914662, 118.062518, 145.381062
1981.000000,   1.000000,  74.597102,  60.663509,  88.714465
1981.000000,   2.000000,  29.006788,  14.649993,  42.679252
1981.000000,   3.000000,  27.046389,  12.760393,  40.757669
1981.000000,   4.000000,  12.104342,   3.086782,  21.620348
1981.000000,   5.000000,   4.211109,  -2.754180,  11.007992
1981.000000,   6.000000,  -4.339431,  -6.802336,  -2.055429
1981.000000,   7.000000,  -2.840542,  -6.355082,   0.527376
1981.000000,   8.000000,  11.016661,   0.052884,  22.543241
1981.000000,   9.000000,  60.676079,  46.750398,  73.906568
1981.000000,  10.000000,  82.156775,  65.722185,  97.108733
1981.000000,  11.000000,  88.417609,  75.388752, 101.823409
1981.000000,  12.000000, 108.759201,  94.442415, 122.864965
1982.000000,   1.000000, 109.725001,  96.319434, 123.288628
1982.000000,   2.000000,  50.211443,  36.771803,  63.837845
1982.000000,   3.000000,  30.986979,  16.217172,  45.334213
1982.000000,   4.000000,  12.605332,   3.003027,  21.534733
1982.000000,   5.000000,  -1.486545,  -8.415769,   5.290757
1982.000000,   6.000000,  -3.979891,  -6.425905,  -1.574278
1982.000000,   7.000000,  -4.563602,  -7.923766,  -1.179447
1982.000000,   8.000000,   3.622094,  -7.945214,  15.834458
1982.000000,   9.000000,  25.262493,  11.192021,  38.450592
1982.000000,  10.000000,  34.308934,  19.315659,  48.043307
1982.000000,  11.000000,  89.757808,  76.574201, 103.379687
1982.000000,  12.000000,  77.826421,  62.673562,  92.011916
1983.000000,   1.000000,  79.264599,  65.741540,  93.812233
1983.000000,   2.000000,  50.293577,  36.679908,  63.901985
1983.000000,   3.000000,  46.260780,  31.254829,  60.809176
1983.000000,   4.000000,  15.001168,   5.730346,  23.896695
1983.000000,   5.000000,   0.622700,  -6.582045,   7.421830
1983.000000,   6.000000,  -4.371336,  -6.592186,  -1.907060
1983.000000,   7.000000,  -3.763606,  -7.382965,  -0.425402
1983.000000,   8.000000,  10.101546,  -0.333989,  22.437099
1983.000000,   9.000000,  68.420982,  54.388358,  81.766850
1983.000000,  10.000000,  63.381238,  48.448538,  77.453244
1983.000000,  11.000000,  93.883656,  79.898329, 107.137266
1983.000000,  12.000000, 136.071486, 121.947236, 151.596142
1984.000000,   1.000000,  80.549649,  66.075943,  95.294734
1984.000000,   2.000000,  26.379521,  12.283886,  40.470758
1984.000000,   3.000000,  45.488026,  31.301741,  60.043605
1984.000000,   4.000000,  12.046360,   3.043821,  21.374190
1984.000000,   5.000000,   3.393704,  -2.898162,   9.955438
1984.000000,   6.000000,  -4.574181,  -7.010848,  -2.270482
1984.000000,   7.000000,  -3.559224,  -7.025250,  -0.075335
1984.000000,   8.000000,   1.353647,  -9.812541,  13.443856
1984.000000,   9.000000,  45.046480,  30.907191,  57.956772
1984.000000,  10.000000,  58.075155,  44.327235,  73.576424
1984.000000,  11.000000, 101.037043,  87.301931, 114.862060
1984.000000,  12.000000, 108.259140,  93.774522, 123.715574
1985.000000,   1.000000,  86.355242,  71.884737, 100.543562
1985.000000,   2.000000,  43.490828,  30.212512,  57.298618
1985.000000,   3.000000,  31.917674,  17.891082,  46.243904
1985.000000,   4.000000,  11.997106,   3.327307,  21.495822
1985.000000,   5.000000,   0.098444,  -6.679476,   7.024240
1985.000000,   6.000000,  -3.906995,  -6.309692,  -1.530383
1985.000000,   7.000000,  -3.480056,  -6.898772,  -0.177622
1985.000000,   8.000000,  10.706734,  -1.320586,  22.195298
1985.000000,   9.000000,  46.041013,  32.851274,  60.275912
1985.000000,  10.000000,  42.411416,  28.444622,  56.401971
1985.000000,  11.000000,  92.255152,  78.161429, 105.754743
1985.000000,  12.000000, 125.552049, 111.439812, 139.868468
1986.000000,   1.000000,  83.694005,  69.688826,  97.331133
1986.000000,   2.000000,  41.450132,  27.405808,  54.207521
1986.000000,   3.000000,  28.825903,  14.651318,  42.757058
1986.000000,   4.000000,  12.956862,   3.458456,  22.514811
1986.000000,   5.000000,   6.829521,   0.329837,  13.643826
1986.000000,   6.000000,  -3.873358,  -6.284334,  -1.348777
1986.000000,   7.000000,  -4.073678,  -7.382400,  -0.491453
1986.000000,   8.000000,  12.777239,   1.058023,  24.125330
1986.000000,   9.000000,  33.923881,  20.752071,  47.713804
1986.000000,  10.000000,  64.288873,  49.947680,  77.613830
1986.000000,  11.000000, 126.207893, 113.068123, 139.525987
1986.000000,  12.000000, 111.883576,  97.360460, 126.870397
1987.000000,   1.000000,  92.857013,  77.958196, 107.671002
1987.000000,   2.000000,  48.638937,  35.058354,  62.182778
1987.000000,   3.000000,  56.714341,  43.473784,  70.275592
1987.000000,   4.000000,  21.158348,  12.530071,  30.135043
1987.000000,   5.000000,   2.577233,  -4.246790,   9.229330
1987.000000,   6.000000,  -4.070567,  -6.488755,  -1.684145
1987.000000,   7.000000,  -3.015527,  -6.473483,   0.403533
1987.000000,   8.000000,  32.716559,  21.345473,  43.436120
1987.000000,   9.000000,  63.684064,  50.529931,  76.740538
1987.000000,  10.000000, 113.595055,  99.213832, 128.650008
1987.000000,  11.000000, 102.926826,  90.295086, 115.686017
1987.000000,  12.000000, 105.777849,  92.009578, 120.766509
1988.000000,   1.000000, 120.284046, 105.592990, 134.920423
1988.000000,   2.000000,  78.967461,  65.556055,  92.542381
1988.000000,   3.000000,  51.262644,  37.478964,  64.978069
1988.000000,   4.000000,  17.848986,   9.110531,  26.863746
1988.000000,   5.000000,   6.158433,  -0.494540,  12.855578
1988.000000,   6.000000,  -3.622335,  -6.023153,  -1.241652
1988.000000,   7.000000,  -2.542057,  -5.820848,   0.845870
1988.000000,   8.000000,   9.251495,  -3.024360,  20.991486
1988.000000,   9.000000,  42.978294,  30.175785,  56.416104
1988.000000,  10.000000,  86.814033,  73.223915, 100.447116
1988.000000,  11.000000,  71.434797,  58.739759,  84.187256
1988.000000,  12.000000, 128.842560, 114.010943, 143.527662
1989.000000,   1.000000,  87.591462,  73.253945, 102.359984
1989.000000,   2.000000,  69.410661,  56.133760,  82.950691
1989.000000,   3.000000,  43.449612,  28.766154,  56.851408
1989.000000,   4.000000,   9.031998,  -0.585004,  18.080186
1989.000000,   5.000000,  -3.279500, -10.290275,   3.517060
1989.000000,   6.000000,  -4.577518,  -6.927206,  -2.162543
1989.000000,   7.000000,  -4.172395,  -7.600791,  -0.756742
1989.000000,   8.000000,   8.943689,  -1.652044,  20.289587
1989.000000,   9.000000,  58.797273,  45.323894,  71.301897
1989.000000,  10.000000,  56.769868,  42.039083,  71.255562
1989.000000,  11.000000, 142.835825, 129.830681, 156.622118
1989.000000,  12.000000, 128.686438, 114.642473, 142.372354
1990.000000,   1.000000,  79.981951,  64.981869,  94.339426
1990.000000,   2.000000,  63.018581,  49.555652,  76.117093
1990.000000,   3.000000,  53.454145,  39.647512,  67.703000
1990.000000,   4.000000,  18.354568,   9.276647,  27.744723
1990.000000,   5.000000,   5.848703,  -0.600363,  12.602384
1990.000000,   6.000000,  -4.071584,  -6.371635,  -1.589207
1990.000000,   7.000000,  -3.588934,  -6.891144,  -0.131001
1990.000000,   8.000000,  15.597065,   4.760668,  27.844717
1990.000000,   9.000000,  33.251041,  20.325634,  45.661494
1990.000000,  10.000000,  65.221804,  50.409185,  79.056039
1990.000000,  11.000000,  98.057954,  84.053282, 110.827366
1990.000000,  12.000000, 128.851924, 114.053622, 143.511452
1991.000000,   1.000000, 107.257378,  92.636732, 122.054066
1991.000000,   2.000000,  49.180730,  36.157641,  63.085640
1991.000000,   3.000000,  28.038622,  14.250229,  41.533289
1991.000000,   4.000000,  14.129403,   5.147460,  23.010955
1991.000000,   5.000000,   2.265508,  -4.759985,   9.132631
1991.000000,   6.000000,  -4.175421,  -6.702999,  -1.765443
1991.000000,   7.000000,  -3.392183,  -6.782199,  -0.030088
1991.000000,   8.000000,   8.059633,  -3.372702,  19.331783
1991.000000,   9.000000,  72.362410,  58.158365,  86.654828
1991.000000,  10.000000,  61.980244,  47.114386,  76.566319
1991.000000,  11.000000,  94.210526,  80.670465, 107.977560
1991.000000,  12.000000, 105.870163,  91.288584, 119.419986
1992.000000,   1.000000,  84.327961,  70.185083,  98.677429
1992.000000,   2.000000,  52.776727,  39.082456,  66.355063
1992.000000,   3.000000,  50.381210,  36.310091,  64.947311
1992.000000,   4.000000,  20.891670,  11.873570,  30.122530
1992.000000,   5.000000,   3.883288,  -2.906801,  10.796144
1992.000000,   6.000000,  -3.716121,  -6.134231,  -1.355601
1992.000000,   7.000000,  -3.331085,  -6.725651,   0.090297
1992.000000,   8.000000,  14.017925,   2.726687,  25.164867
1992.000000,   9.000000,  34.391754,  21.075718,  46.888885
1992.000000,  10.000000,  50.179074,  35.173330,  65.609492
1992.000000,  11.000000,  88.945611,  75.671432, 103.466153
1992.000000,  12.000000, 106.910379,  92.125643, 120.296763
1993.000000,   1.000000,  95.722488,  81.423824, 110.789094
1993.000000,   2.000000,  77.125686,  63.813358,  90.278670
1993.000000,   3.000000,  43.401390,  29.900038,  57.641589
1993.000000,   4.000000,  11.243552,   2.206318,  20.357345
1993.000000,   5.000000,  -0.618686,  -7.223869,   6.162139
1993.000000,   6.000000,  -4.216354,  -6.685756,  -1.766923
1993.000000,   7.000000,  -3.616866,  -7.172414,  -0.021720
1993.000000,   8.000000,   1.740279,  -9.811162,  13.338499
1993.000000,   9.000000,  74.227576,  61.070870,  88.361908
1993.000000,  10.000000,  76.840077,  61.886305,  92.454758
1993.000000,  11.000000, 103.592514,  89.868647, 117.706321
1993.000000,  12.000000,  91.250949,  77.575547, 106.465954
1994.000000,   1.000000, 110.629363,  96.367428, 125.110355
1994.000000,   2.000000,  31.061270,  17.684467,  44.517442
1994.000000,   3.000000,  31.179810,  17.376079,  44.590548
1994.000000,   4.000000,   9.074868,  -0.134070,  18.533730
1994.000000,   5.000000,   1.638289,  -5.185231,   8.483262
1994.000000,   6.000000,  -4.274042,  -6.611366,  -1.937101
1994.000000,   7.000000,  -3.888975,  -7.078549,  -0.603982
1994.000000,   8.000000,  16.121516,   4.272623,  28.318132
1994.000000,   9.000000,  15.887972,   2.676660,  29.026790
1994.000000,  10.000000,  66.143137,  51.924587,  80.677020
1994.000000,  11.000000, 100.218148,  87.470882, 113.079161
1994.000000,  12.000000, 100.117797,  86.362932, 113.237401
1995.000000,   1.000000, 111.954937,  97.860663, 126.605531
1995.000000,   2.000000,  88.142930,  74.213040, 101.582958
1995.000000,   3.000000,  46.340580,  32.547730,  59.566021
1995.000000,   4.000000,  24.424991,  15.735755,  33.116860
1995.000000,   5.000000,   4.024487,  -2.762234,  10.604616
1995.000000,   6.000000,  -4.110760,  -6.468250,  -1.800655
1995.000000,   7.000000,  -3.558868,  -6.854745,  -0.255098
1995.000000,   8.000000,   3.060710,  -8.710615,  14.301514
1995.000000,   9.000000,  69.707301,  56.941029,  82.798406
1995.000000,  10.000000,  60.375270,  45.870305,  74.747938
1995.000000,  11.000000, 122.813679, 109.148942, 137.050051
1995.000000,  12.000000, 123.640729, 110.724024, 138.446129
1996.000000,   1.000000, 104.080417,  90.761694, 117.137751
1996.000000,   2.000000,  46.139161,  32.015516,  60.348991
1996.000000,   3.000000,  36.847691,  23.062349,  50.672479
1996.000000,   4.000000,  11.984396,   2.807430,  21.691852
1996.000000,   5.000000,  -1.173046,  -8.376889,   5.564277
1996.000000,   6.000000,  -4.584427,  -6.984153,  -2.147070
1996.000000,   7.000000,  -4.571306,  -7.929749,  -1.075488
1996.000000,   8.000000, -10.277481, -21.025793,   1.601422
1996.000000,   9.000000,  29.454266,  15.239858,  42.405568
1996.000000,  10.000000,  52.827169,  38.582466,  66.584842
1996.000000,  11.000000, 108.406025,  95.828798, 121.819620
1996.000000,  12.000000, 107.650776,  94.992536, 122.569805
1997.000000,   1.000000,  96.396704,  81.849119, 110.809191
1997.000000,   2.000000,  52.527872,  39.372461,  66.253609
1997.000000,   3.000000,  32.135089,  18.788655,  46.329776
1997.000000,   4.000000,   5.147353,  -4.090511,  14.711082
1997.000000,   5.000000,   5.702400,  -0.934457,  12.550876
1997.000000,   6.000000,  -3.726892,  -6.073328,  -1.295979
1997.000000,   7.000000,  -3.676483,  -7.075008,  -0.364858
1997.000000,   8.000000,  18.459631,   7.382358,  29.990851
1997.000000,   9.000000,  30.877697,  17.650192,  44.241032
1997.000000,  10.000000,  71.903284,  59.082996,  86.275975
1997.000000,  11.000000,  95.956915,  82.655892, 110.484310
1997.000000,  12.000000, 104.227892,  89.686731, 118.531327
1998.000000,   1.000000, 100.829239,  87.162189, 115.063050
1998.000000,   2.000000,  40.543683,  26.820371,  54.676801
1998.000000,   3.000000,  55.663771,  41.873927,  69.190008
1998.000000,   4.000000,  24.281867,  15.139794,  33.685155
1998.000000,   5.000000,   2.646830,  -3.739064,   9.166733
1998.000000,   6.000000,  -3.931786,  -6.206822,  -1.486420
1998.000000,   7.000000,  -0.559952,  -3.982939,   3.006542
1998.000000,   8.000000,  44.424547,  33.330025,  56.412452
1998.000000,   9.000000,  92.121310,  78.616532, 105.445690
1998.000000,  10.000000, 106.116137,  91.917767, 120.472739
1998.000000,  11.000000, 100.579404,  86.726310, 113.853636
1998.000000,  12.000000, 130.282345, 116.816809, 144.235217
1999.000000,   1.000000, 120.722996, 106.413538, 135.432322
1999.000000,   2.000000,  60.418641,  46.043270,  74.382357
1999.000000,   3.000000,  66.568510,  52.150608,  81.276503
1999.000000,   4.000000,  15.282571,   5.930388,  24.263841
1999.000000,   5.000000,   3.717228,  -3.029297,  10.512185
1999.000000,   6.000000,  -3.725094,  -6.173685,  -1.249710
1999.000000,   7.000000,  -4.240216,  -7.714649,  -0.912692
1999.000000,   8.000000,  27.785703,  16.373464,  39.711214
1999.000000,   9.000000,  71.190838,  58.347732,  85.422566
1999.000000,  10.000000,  99.847772,  86.934463, 113.228212
1999.000000,  11.000000, 100.970003,  87.813774, 114.862125
1999.000000,  12.000000, 120.235445, 106.294313, 134.732587
2000.000000,   1.000000, 112.613227,  99.176356, 126.931712
2000.000000,   2.000000,  70.859667,  57.269291,  84.533050
2000.000000,   3.000000,  42.721963,  29.823470,  58.459005
2000.000000,   4.000000,  28.787725,  19.911730,  38.298527
2000.000000,   5.000000,   4.256170,  -2.754694,  10.788874
2000.000000,   6.000000,  -4.251937,  -6.583800,  -1.861050
2000.000000,   7.000000,  -2.353181,  -5.810039,   1.014828
2000.000000,   8.000000,  27.417518,  16.079680,  38.950695
2000.000000,   9.000000,  72.578849,  59.383969,  85.839545
2000.000000,  10.000000,  57.368077,  43.229860,  71.423961
2000.000000,  11.000000,  99.802365,  86.879875, 113.126775
2000.000000,  12.000000, 149.483685, 135.681656, 163.434069
2001.000000,   1.000000,  91.302505,  78.011667, 105.278972
2001.000000,   2.000000,  74.830407,  60.782870,  88.130163
2001.000000,   3.000000,  43.508033,  30.675983,  57.345252
2001.000000,   4.000000,   3.475268,  -5.955510,  12.656102
2001.000000,   5.000000,   0.681606,  -6.318274,   7.623051
2001.000000,   6.000000,  -4.170938,  -6.653117,  -1.763356
2001.000000,   7.000000,  -3.507346,  -6.973708,  -0.067121
2001.000000,   8.000000,   9.176920,  -2.483420,  19.838767
2001.000000,   9.000000,  70.130036,  56.920332,  83.812425
2001.000000,  10.000000,  79.696188,  65.344269,  93.244847
2001.000000,  11.000000,  69.912993,  57.323303,  83.742255
2001.000000,  12.000000,  95.901065,  82.715777, 109.796455
2002.000000,   1.000000, 113.872579, 100.250876, 128.841128
2002.000000,   2.000000,  83.483788,  69.593586,  96.909857
2002.000000,   3.000000,  84.890451,  70.496231,  98.485229
2002.000000,   4.000000,  11.532154,   2.563115,  20.380362
2002.000000,   5.000000,   6.045850,  -0.545723,  12.997373
2002.000000,   6.000000,  -4.171017,  -6.387073,  -1.742521
2002.000000,   7.000000,  -4.300917,  -7.679858,  -0.785513
2002.000000,   8.000000,  11.983398,   0.288614,  23.627058
2002.000000,   9.000000,  27.417485,  14.008828,  41.028039
2002.000000,  10.000000,  91.266263,  77.456991, 106.222729
2002.000000,  11.000000,  96.535357,  83.582048, 108.784602
2002.000000,  12.000000, 126.109266, 112.648757, 140.455370
2003.000000,   1.000000, 126.695029, 112.664387, 140.549562
2003.000000,   2.000000,  58.477943,  45.148156,  71.826697
2003.000000,   3.000000,  27.132259,  12.896149,  41.102192
2003.000000,   4.000000,  18.966874,   9.831308,  28.130442
2003.000000,   5.000000,  -0.387462,  -6.944662,   6.300173
2003.000000,   6.000000,  -3.800572,  -6.115826,  -1.470012
2003.000000,   7.000000,  -3.342610,  -6.784633,   0.126810
2003.000000,   8.000000,   8.640471,  -2.805752,  19.538127
2003.000000,   9.000000,  37.303267,  23.923752,  50.676810
2003.000000,  10.000000,  54.046897,  40.489098,  68.248804
2003.000000,  11.000000,  88.562331,  75.480405, 102.693656
2003.000000,  12.000000, 109.686479,  95.680616, 123.078333
2004.000000,   1.000000, 109.228232,  95.086480, 123.327379
2004.000000,   2.000000,  43.352523,  29.980207,  57.516105
2004.000000,   3.000000,  26.868758,  13.001729,  40.888843
2004.000000,   4.000000,   3.646239,  -4.886575,  12.830257
2004.000000,   5.000000,  -0.946993,  -7.572910,   5.549697
2004.000000,   6.000000,  -4.459869,  -6.788702,  -2.077735
2004.000000,   7.000000,  -4.214946,  -7.693975,  -0.902482
2004.000000,   8.000000,   7.618842,  -3.292437,  19.216069
2004.000000,   9.000000,  19.555374,   6.822008,  33.053068
2004.000000,  10.000000,  38.901861,  24.748013,  52.718969
2004.000000,  11.000000,  99.295965,  86.427385, 111.944504
2004.000000,  12.000000, 122.686570, 107.404821, 136.269378
2005.000000,   1.000000, 111.768758,  97.154078, 126.438394
2005.000000,   2.000000,  40.643952,  26.967774,  53.727799
2005.000000,   3.000000,  47.253914,  32.430704,  60.737029
2005.000000,   4.000000,  17.743414,   8.935569,  27.037971
2005.000000,   5.000000,   3.753127,  -2.989380,  10.264485
2005.000000,   6.000000,  -4.699431,  -7.089243,  -2.295152
2005.000000,   7.000000,  -3.609263,  -7.135885,  -0.297546
2005.000000,   8.000000,   9.525966,  -2.203242,  20.584908
2005.000000,   9.000000,  52.241521,  38.682622,  65.695043
2005.000000,  10.000000,  69.010834,  55.584743,  83.482770
2005.000000,  11.000000, 108.075067,  94.316770, 122.028977
2005.000000,  12.000000, 130.101322, 114.837290, 144.919171
2006.000000,   1.000000,  86.303789,  71.511749,  99.816112
2006.000000,   2.000000,  83.789230,  70.731567,  97.625904
2006.000000,   3.000000,  54.664645,  41.109481,  68.238415
2006.000000,   4.000000,  17.171490,   7.702435,  25.969569
2006.000000,   5.000000,   1.657102,  -4.868591,   8.599989
2006.000000,   6.000000,  -3.648689,  -6.053361,  -1.223266
2006.000000,   7.000000,  -2.996711,  -6.217655,   0.448957
2006.000000,   8.000000,  42.487795,  31.203420,  53.365574
2006.000000,   9.000000,  85.586512,  72.414893,  98.457196
2006.000000,  10.000000, 109.430796,  95.470141, 123.624307
2006.000000,  11.000000,  84.352504,  71.304867,  97.222411
2006.000000,  12.000000, 110.911076,  96.244568, 124.061227
2007.000000,   1.000000, 123.626423, 109.695802, 138.574126
2007.000000,   2.000000,  99.915135,  86.432264, 113.347040
2007.000000,   3.000000,  53.234956,  38.986463,  67.301738
2007.000000,   4.000000,  24.152775,  14.747587,  33.836288
2007.000000,   5.000000,   5.233352,  -1.438091,  11.720532
2007.000000,   6.000000,  -4.198109,  -6.570405,  -1.721415
2007.000000,   7.000000,  -2.783495,  -6.214713,   0.554091
2007.000000,   8.000000,  21.932382,  10.316164,  32.697135
2007.000000,   9.000000,  57.972575,  44.218081,  70.937607
2007.000000,  10.000000,  32.468350,  18.219214,  45.461227
2007.000000,  11.000000, 114.746319, 102.151146, 127.034498
2007.000000,  12.000000, 127.431909, 113.527927, 140.353437
2008.000000,   1.000000, 107.144965,  92.843746, 122.327614
2008.000000,   2.000000,  75.326680,  60.958563,  89.791729
2008.000000,   3.000000,  43.248117,  29.803579,  56.710318
2008.000000,   4.000000,   6.771262,  -1.809005,  15.439936
2008.000000,   5.000000,   3.785379,  -2.945235,  10.792712
2008.000000,   6.000000,  -4.015532,  -6.244919,  -1.666551
2008.000000,   7.000000,  -4.383977,  -7.719058,  -0.975786
2008.000000,   8.000000,  19.096600,   7.666994,  29.993569
2008.000000,   9.000000,  49.348168,  36.272093,  62.768298
2008.000000,  10.000000,  88.196699,  74.993134, 102.668585
2008.000000,  11.000000, 102.207966,  87.849814, 115.931329
2008.000000,  12.000000, 152.123629, 138.283579, 166.224671
2009.000000,   1.000000, 102.903218,  88.776534, 116.996430
2009.000000,   2.000000,  39.060234,  26.082876,  52.138426
2009.000000,   3.000000,  38.920810,  25.055244,  52.451195
2009.000000,   4.000000,  12.357387,   3.322723,  22.041173
2009.000000,   5.000000,   3.011095,  -4.094040,   9.939291
2009.000000,   6.000000,  -3.982194,  -6.506201,  -1.718612
2009.000000,   7.000000,  -3.155495,  -6.620986,   0.040726
2009.000000,   8.000000,   0.676980, -10.669404,  12.019606
2009.000000,   9.000000,  23.413372,  10.030352,  36.290395
2009.000000,  10.000000,  79.886622,  65.577259,  93.871355
2009.000000,  11.000000,  67.482837,  54.763948,  80.785639
2009.000000,  12.000000, 126.853650, 113.588879, 140.722189
2010.000000,   1.000000, 117.303844, 103.705925, 132.479533
2010.000000,   2.000000,  73.609562,  59.544811,  86.230867
2010.000000,   3.000000,  43.551656,  29.504177,  56.453434
2010.000000,   4.000000,  20.738834,  11.421820,  29.722687
2010.000000,   5.000000,   5.793411,  -0.813551,  12.370872
2010.000000,   6.000000,  -3.761035,  -6.249865,  -1.366421
2010.000000,   7.000000,  -1.386809,  -5.031857,   2.049025
2010.000000,   8.000000,  24.354711,  13.220879,  35.362162
2010.000000,   9.000000,  80.870917,  67.525163,  95.102472
2010.000000,  10.000000,  91.625346,  76.796502, 104.896956
2010.000000,  11.000000, 111.235419,  98.317217, 124.657745
2010.000000,  12.000000, 143.948767, 130.865517, 156.756132
2011.000000,   1.000000, 114.165214, 100.662732, 128.734889
2011.000000,   2.000000,  77.731157,  63.303375,  91.519461
2011.000000,   3.000000,  57.672684,  43.357800,  70.900305
2011.000000,   4.000000,  13.033972,   4.620183,  22.261897
2011.000000,   5.000000,  -0.915423,  -7.737303,   5.113197
2011.000000,   6.000000,  -4.242009,  -6.640798,  -1.853663
2011.000000,   7.000000,  -5.670414,  -9.087375,  -2.291857
2011.000000,   8.000000,  22.226381,  11.386099,  33.767826
2011.000000,   9.000000,  60.191087,  46.816268,  73.903159
2011.000000,  10.000000,  65.029973,  50.627482,  78.607478
2011.000000,  11.000000,  76.937032,  63.653668,  90.116570
2011.000000,  12.000000, 129.805681, 116.953491, 143.136181
2012.000000,   1.000000, 109.946900,  95.672243, 123.786723
2012.000000,   2.000000,  60.055653,  46.930695,  73.800358
2012.000000,   3.000000,  27.240323,  13.650574,  41.477962
2012.000000,   4.000000,  20.387283,  10.952690,  29.703099
2012.000000,   5.000000,   5.025223,  -1.800957,  11.720665
2012.000000,   6.000000,  -4.171487,  -6.538735,  -1.657705
2012.000000,   7.000000,  -1.759726,  -5.181242,   1.877677
2012.000000,   8.000000,  44.530428,  33.089290,  55.695499
2012.000000,   9.000000,  98.310962,  84.362434, 111.733361
2012.000000,  10.000000,  73.195397,  59.897901,  87.609123
2012.000000,  11.000000, 107.411205,  94.174726, 120.512452
2012.000000,  12.000000,  93.966337,  79.925615, 107.631235
2013.000000,   1.000000, 103.138505,  89.791448, 116.699239
2013.000000,   2.000000,  64.004950,  50.912042,  77.867754
2013.000000,   3.000000,  44.524742,  30.652437,  58.371224
2013.000000,   4.000000,  12.557898,   3.592400,  21.811742
2013.000000,   5.000000,  -0.748061,  -7.432748,   5.864033
2013.000000,   6.000000,  -4.580390,  -6.997536,  -2.175355
2013.000000,   7.000000,  -4.264985,  -7.455642,  -1.082526
2013.000000,   8.000000,  -0.294213, -11.218080,  11.230972
2013.000000,   9.000000,  39.107085,  25.595909,  52.905000
2013.000000,  10.000000,  60.263464,  46.904500,  74.374835
2013.000000,  11.000000,  98.965315,  86.403329, 113.199556
2013.000000,  12.000000, 109.117847,  96.022167, 123.370656
2014.000000,   1.000000,  94.109293,  79.191135, 107.339904
2014.000000,   2.000000,  28.117126,  14.086129,  41.400410
2014.000000,   3.000000,  10.269514,  -3.589896,  23.880609
2014.000000,   4.000000,  -5.792352, -14.625034,   3.095155
2014.000000,   5.000000,  -9.399831, -16.083039,  -3.074344
2014.000000,   6.000000,  -4.300007,  -6.766191,  -1.901535
2014.000000,   7.000000,  -4.426743,  -7.941174,  -0.806376
2014.000000,   8.000000,  -4.417866, -15.896838,   6.366070
2014.000000,   9.000000,  35.748661,  22.377877,  48.796084
2014.000000,  10.000000,  37.411535,  23.509336,  50.524563
2014.000000,  11.000000,  90.199914,  76.416247, 103.307969
2014.000000,  12.000000,  95.524098,  81.515407, 108.436529
2015.000000,   1.000000, 106.311722,  93.143056, 120.424637
2015.000000,   2.000000,  66.879781,  54.018674,  80.798317
2015.000000,   3.000000,  24.568675,  10.293634,  37.259773
2015.000000,   4.000000,   9.314177,   0.235489,  18.768812
2015.000000,   5.000000,   2.819728,  -4.051784,   9.287458
2015.000000,   6.000000,  -4.623405,  -6.956617,  -2.347582
2015.000000,   7.000000,  -4.714799,  -8.158532,  -1.031801
2015.000000,   8.000000,   7.613010,  -3.909926,  18.003288
2015.000000,   9.000000,  37.494532,  24.260418,  50.797887
2015.000000,  10.000000,  61.097690,  46.836177,  75.594700
2015.000000,  11.000000,  82.580720,  70.167351,  96.117076
2015.000000,  12.000000,  92.948902,  78.420215, 106.748427
2016.000000,   1.000000,  80.303065,  66.046333,  94.845297
2016.000000,   2.000000,  43.024570,  31.002024,  57.420610
2016.000000,   3.000000,  34.269566,  20.695594,  47.671942
2016.000000,   4.000000,  22.940542,  13.759770,  32.165817
2016.000000,   5.000000,   4.638417,  -2.346903,  11.449765
2016.000000,   6.000000,  -4.413917,  -6.790558,  -2.027810
2016.000000,   7.000000,  -3.566718,  -6.795892,  -0.186692
2016.000000,   8.000000,  13.538043,   3.184017,  23.466081
2016.000000,   9.000000,  55.012235,  43.238630,  65.890632
2016.000000,  10.000000,  75.315196,  63.071604,  87.840846
2016.000000,  11.000000,  80.327228,  69.261783,  91.794472
2016.000000,  12.000000, 133.353606, 120.726188, 145.556049
2017.000000,   1.000000,  86.708221,  74.590699,  98.463315
2017.000000,   2.000000,  49.942323,  37.366084,  61.578825
2017.000000,   3.000000,  42.896833,  30.640410,  54.581457
2017.000000,   4.000000,  -1.141893,  -9.442786,   7.657593
2017.000000,   5.000000,  -0.886363,  -7.213326,   4.803078
2017.000000,   6.000000,  -4.435018,  -6.760880,  -2.144907
2017.000000,   7.000000,  -3.896044,  -7.256486,  -0.486432
2017.000000,   8.000000,   0.156643, -10.228044,  10.531363
2017.000000,   9.000000,  35.226383,  23.815396,  47.332506
2017.000000,  10.000000,  53.178135,  41.515510,  66.023517
2017.000000,  11.000000, 104.695759,  93.707949, 115.610427
2017.000000,  12.000000, 104.097076,  91.174599, 116.710186
2018.000000,   1.000000, 101.582272,  89.317009, 112.843877
2018.000000,   2.000000,  53.748405,  41.724175,  66.302868
2018.000000,   3.000000,  44.902576,  33.259539,  58.262338
2018.000000,   4.000000,  31.689649,  23.281719,  40.513073
2018.000000,   5.000000,   3.882670,  -2.532973,  10.214593
2018.000000,   6.000000,  -4.027319,  -6.351040,  -1.686123
2018.000000,   7.000000,  -4.677850,  -7.991778,  -1.205677
2018.000000,   8.000000,   3.924903,  -6.563456,  13.956069
2018.000000,   9.000000,  40.413907,  28.463981,  51.639458
2018.000000,  10.000000,  43.178713,  30.055298,  55.147554
2018.000000,  11.000000,  91.479495,  80.631906, 103.519365
2018.000000,  12.000000, 106.151495,  94.516407, 117.834327
2019.000000,   1.000000,  92.569013,  80.698990, 104.771448
2019.000000,   2.000000,  35.678068,  23.840527,  47.500612
2019.000000,   3.000000,  27.601097,  15.908491,  39.360077
2019.000000,   4.000000,   2.326096,  -6.023680,  11.415415
2019.000000,   5.000000,  -0.662752,  -7.017166,   5.424292
2019.000000,   6.000000,  -3.996646,  -6.267122,  -1.712378
2019.000000,   7.000000,  -3.575977,  -6.954855,  -0.224404
2019.000000,   8.000000,  16.896563,   7.076079,  27.935539
2019.000000,   9.000000,  37.909159,  26.466716,  48.908671
2019.000000,  10.000000,  67.711097,  55.887262,  78.810094
2019.000000,  11.000000,  97.007258,  84.908033, 109.260645
2019.000000,  12.000000,  83.953880,  72.223265,  96.570681
2020.000000,   1.000000,  71.597926,  59.936986,  83.932260
2020.000000,   2.000000,  74.119382,  62.287516,  86.499193
2020.000000,   3.000000,  22.918134,   9.914791,  34.704200
2020.000000,   4.000000,  16.007807,   7.614228,  24.368054
2020.000000,   5.000000,   1.133783,  -5.513693,   7.407880
2020.000000,   6.000000,  -4.467879,  -6.860302,  -2.081454
2020.000000,   7.000000,  -4.032716,  -7.409359,  -0.770013
2020.000000,   8.000000,  16.634850,   6.291059,  27.055769
2020.000000,   9.000000,  40.416052,  27.808023,  51.554470
2020.000000,  10.000000,  86.127421,  73.395353,  98.129164
2020.000000,  11.000000,  68.858950,  56.961034,  80.346781
2020.000000,  12.000000, 109.234682,  96.719665, 121.398010
2021.000000,   1.000000,  75.189552,  62.877149,  87.507787
2021.000000,   2.000000,  59.297414,  46.886256,  72.213602
2021.000000,   3.000000,  41.890772,  28.973780,  54.741393
2021.000000,   4.000000,  14.710474,   5.954030,  23.565929
2021.000000,   5.000000,   5.380963,  -1.192022,  11.813579
2021.000000,   6.000000,  -3.864007,  -6.263386,  -1.407351
2021.000000,   7.000000,  -2.012965,  -5.503111,   1.449441
2021.000000,   8.000000,  30.928026,  19.083184,  43.310694
2021.000000,   9.000000,  86.886660,  71.921746, 102.477878
2021.000000,  10.000000,  70.221935,  54.336246,  85.883744
2021.000000,  11.000000, 135.901696, 120.783575, 150.063164
2021.000000,  12.000000, 111.263826,  96.590106, 126.557906
2022.000000,   1.000000, 123.169116, 101.117457, 147.060393
2022.000000,   2.000000,  51.474937,  22.145238,  79.449816
2022.000000,   3.000000,  37.065096,   5.686339,  68.948937
2022.000000,   4.000000,  14.026108,   2.231912,  25.647908
